{"success": true, "aligned_image_path": "outputs\\student_sheet_001_aligned.jpg", "transform_matrix": [[0.8710485394457061, 0.5545712733455116, -475.43813751834045], [-0.5475227871577573, 0.9088766046709716, 326.84777284090904], [-1.9415643986676417e-05, 4.4131702971006914e-05, 1.0]], "confidence_score": 0.657487091222031, "transformations_applied": {"homography_alignment": true}}